What is your age?,What is your gender?,Is English your first language?,List of Countries,condition,Diverse_Target1,Diverse_Target2,Diverse_Target3,NonDiverse_Target1,NonDiverse_Target2,NonDiverse_Target3,Rand_Filler1,Rand_Filler2,Rand_Filler3,Rand_Filler4,Rand_Filler5,Rand_Filler6
33,Female,Yes,United States of America,3,5,5,4,5,5,3,5,4,5,2,5,5
25,Male,Yes,United States of America,3,7,7,7,7,7,6,4,6,7,2,4,1
29,Male,Yes,United States of America,3,4,6,4,6,5,3,6,5,4,6,5,4
45,Female,Yes,United States of America,3,7,7,7,7,7,5,4,4,3,2,3,4
25,Male,Yes,United States of America,3,5,4,5,5,5,5,2,3,2,1,2,1
30,Female,Yes,United States of America,3,6,5,4,6,4,2,1,6,1,1,1,1
32,Male,Yes,United States of America,3,5,4,5,4,5,5,2,3,1,2,2,1
53,Male,Yes,United States of America,3,5,5,7,6,3,6,1,5,1,1,2,2
27,Female,Yes,United States of America,3,5,5,5,4,5,5,4,1,2,1,1,1
26,Female,Yes,United States of America,3,5,6,6,6,6,6,4,4,4,1,4,1
23,Male,Yes,United States of America,3,6,6,7,7,6,7,5,5,3,1,1,1
30,Female,Yes,United States of America,3,6,6,6,5,6,6,3,1,2,1,4,4
23,Male,Yes,United States of America,3,5,7,7,7,2,7,4,4,1,1,5,1
32,Female,Yes,United States of America,3,6,5,6,6,5,5,5,5,5,1,3,1
28,Female,Yes,United States of America,3,7,6,7,6,6,5,1,4,4,1,1,1
28,Male,Yes,United States of America,3,6,5,4,6,4,6,2,3,2,3,2,2
31,Female,Yes,United States of America,3,1,4,4,1,7,1,1,1,1,1,1,1
43,Male,Yes,United States of America,3,5,7,7,7,5,7,5,5,7,2,5,1
41,Male,Yes,United States of America,3,6,6,6,5,6,6,2,4,2,1,2,1
33,Female,Yes,United States of America,3,7,7,7,7,6,7,4,4,5,2,1,3
33,Female,Yes,United States of America,3,7,7,7,7,7,7,2,4,4,1,1,1
29,Male,Yes,United States of America,3,7,1,6,4,1,7,3,4,1,2,4,2
32,Male,Yes,United States of America,3,6,7,6,7,6,6,6,7,1,1,6,1
39,Male,Yes,United States of America,3,6,6,7,6,6,6,5,4,7,2,4,1
24,Female,Yes,United States of America,3,6,5,5,6,5,6,4,3,4,1,2,1
21,Female,Yes,United States of America,3,5,6,6,6,5,6,3,6,3,1,2,1
27,Female,Yes,United States of America,3,3,6,6,5,4,6,2,4,2,1,1,1
31,Female,Yes,United States of America,3,2,4,5,3,4,6,3,4,1,1,3,1
50,Female,Yes,United States of America,3,5,5,6,6,4,5,1,5,4,3,5,1
50,Female,Yes,United States of America,3,6,6,5,6,6,6,5,3,4,3,4,1
47,Female,Yes,United States of America,3,6,6,5,3,3,3,4,3,1,3,3,2
48,Male,Yes,United States of America,3,5,5,6,6,6,6,3,5,4,3,5,4
30,Male,Yes,United States of America,3,6,4,7,5,5,6,2,4,2,1,3,1
38,Female,Yes,United States of America,3,5,5,5,4,5,6,2,5,1,6,3,1
27,Male,Yes,United States of America,3,4,3,4,4,4,3,2,4,2,1,2,1
60,Male,Yes,United States of America,3,7,6,7,4,5,6,7,7,5,1,1,1
30,Male,Yes,United States of America,3,6,6,6,6,6,6,4,6,4,4,2,4
50,Male,Yes,United States of America,3,7,7,6,6,6,5,4,4,3,1,3,1
22,Male,Yes,United States of America,3,4,2,4,4,3,5,3,1,2,1,3,2
27,Male,Yes,United States of America,3,6,6,5,5,4,6,4,2,2,1,1,1
34,Female,Yes,United States of America,3,7,3,5,6,5,4,4,4,4,1,4,1
34,Male,Yes,United States of America,3,5,4,5,6,5,6,3,5,1,2,2,2
48,Female,Yes,United States of America,3,6,6,6,6,6,6,4,4,5,3,4,1
27,Female,No,United States of America,3,6,6,6,6,4,4,4,4,4,4,4,4
31,Male,Yes,United States of America,3,5,5,6,6,6,5,3,4,7,1,1,1
68,Male,Yes,United States of America,3,4,3,4,5,4,4,2,2,2,1,3,1